id	first_name	last_name	credit_card	cash
1	Louise	Moore	bankcard	84732.3
2	Antonio	Wood	maestro	69908.37
3	Alan	Harper	switch	89964.26
4	Jesse	Black	instapayment	40001.81
5	Jonathan	Phillips	americanexpress	65240.86
6	Christine	Robinson	jcb	92974.81
7	Kimberly	Jordan	jcb	23360.72
8	Billy	Lawrence	maestro	90547.09
9	Jeremy	Kennedy	diners-club-us-ca	95283.66
10	Teresa	Carter	jcb	18429.56
11	Barbara	Adams	switch	85862.84
12	Sean	Simmons	diners-club-carte-blanche	8603.34
13	Steven	Garrett	jcb	10016.24
14	Kelly	Medina	jcb	2335.68
15	Fred	Garza	china-unionpay	61359.18
16	Peter	Ray	mastercard	36077.22
17	Steve	Gonzalez	jcb	29617.63
18	Douglas	Chapman	visa-electron	6215.77
19	Nicole	Watkins	laser	19589.71
20	Bruce	Rice	china-unionpay	85706.3
21	Patricia	Bailey	instapayment	73971.15
22	Katherine	Coleman	jcb	57888.46
23	Douglas	Robinson	jcb	87094.7
24	Robin	Myers	switch	83097.06
25	Rose	Kennedy	maestro	37201.96
26	Wanda	Kim	jcb	12488.73
27	Carolyn	Cruz	visa	16952.18
28	Katherine	Watson	mastercard	73913.53
29	Ronald	Hunter	visa-electron	8872.8
30	Kathleen	Wilson	bankcard	25807.31
31	Douglas	Willis	jcb	81404.11
32	Lisa	Watkins	mastercard	26783.13
33	Daniel	Harrison	laser	46075.04
34	Paul	Robinson	laser	90411.34
35	Alan	Bailey	visa-electron	33794.68
36	David	Mills	maestro	506.14
37	George	Stewart	china-unionpay	79437.7
38	Paula	Jackson	jcb	66609.02
39	Jeffrey	Stone	jcb	30552.48
40	Joyce	Hernandez	jcb	62664.07
41	Michelle	Grant	jcb	28350.68
42	Anna	Collins	bankcard	74880.85
43	Mary	Burns	jcb	30706.57
44	Howard	Coleman	laser	21445.81
45	Adam	Russell	solo	13257.03
46	Andrea	Mcdonald	jcb	81062.35
47	Robert	Brooks	diners-club-enroute	53988.99
48	Christopher	Stewart	visa-electron	66563.7
49	Rose	Ortiz	instapayment	34811.09
50	Lawrence	Payne	switch	87105.78
51	Shirley	Washington	jcb	84836.11
52	Frances	Wells	jcb	83707.56
53	Mildred	Little	jcb	11666.21
54	David	Harris	jcb	40367.96
55	Brandon	Lynch	visa	6309.4
56	Kelly	Jacobs	jcb	9630.12
57	Carol	Richardson	bankcard	80087.52
58	Fred	Barnes	mastercard	24200.81
59	Annie	Harper	jcb	8263.72
60	Gary	Thomas	bankcard	85181.84
61	Lisa	Barnes	diners-club-enroute	51865.86
62	Ralph	Daniels	jcb	14780.59
63	Ruth	Fisher	maestro	61119.88
64	Amanda	Reyes	jcb	70434.47
65	Brandon	Chavez	maestro	81285.22
66	Helen	Grant	jcb	29701.71
67	Stephanie	Howell	jcb	67971.01
68	Nancy	Wilson	china-unionpay	99496.2
69	Walter	Bowman	china-unionpay	49564.82
70	Cynthia	Richardson	jcb	43630.73
71	Gary	Cruz	americanexpress	84225.8
72	Clarence	Marshall	americanexpress	82414.17
73	Beverly	Stone	jcb	16624.52
74	Janice	Webb	laser	74157.71
75	Thomas	Romero	diners-club-enroute	69771.56
76	Anthony	Clark	jcb	47620.67
77	Judy	Larson	jcb	90821.9
78	Catherine	Stone	jcb	43039.41
79	Thomas	Webb	china-unionpay	60364.53
80	Martin	Mccoy	jcb	41274.89
81	Evelyn	Thompson	jcb	38462.34
82	Jeremy	Hansen	switch	75090.69
83	Willie	Meyer	jcb	85788.69
84	Shawn	Fuller	jcb	52324.6
85	Denise	Thomas	jcb	89039.79
86	Gloria	Wheeler	jcb	73876.13
87	Virginia	Wallace	maestro	52270.54
88	Denise	Garcia	solo	85567.07
89	Cheryl	Reed	diners-club-carte-blanche	39041.96
90	Diana	Garza	bankcard	85493.29
91	Linda	Frazier	mastercard	12536.18
92	Wanda	Reynolds	visa	69298.73
93	Marilyn	Chapman	jcb	88705.04
94	Jeremy	Cox	jcb	39627.04
95	Billy	Payne	jcb	52209.96
96	Tammy	Martinez	laser	5328.48
97	Joshua	Ryan	jcb	66576.66
98	Martin	Bailey	americanexpress	12459.52
99	Brenda	Coleman	jcb	37748.41
100	Harold	Rose	jcb	79396.03
101	Emily	Knight	jcb	78486.09
102	Jean	Carter	jcb	35952.24
103	Billy	Gonzalez	laser	45816.97
104	Willie	West	solo	61087.49
105	Virginia	Wheeler	jcb	97945.47
106	Mary	Frazier	visa-electron	94091.88
107	Evelyn	Frazier	switch	93744.48
108	Craig	Wallace	bankcard	54724.56
109	Lori	Young	bankcard	2620.55
110	David	Sanders	laser	17415.08
111	Betty	Carpenter	mastercard	78935.33
112	Emily	Williams	jcb	22518.76
113	Rebecca	Grant	jcb	69194.86
114	Doris	Dean	jcb	48232.07
115	Norma	Boyd	jcb	48298.62
116	Kenneth	Taylor	jcb	60290.61
117	Raymond	Palmer	jcb	68048.76
118	Jesse	Hernandez	diners-club-enroute	6419.85
119	Samuel	Harris	jcb	77302.51
120	Joan	Chavez	jcb	19227.24
121	Samuel	Stevens	switch	54284.73
122	Barbara	Moore	diners-club-us-ca	71277.47
123	Richard	Harper	jcb	92892.03
124	Joseph	Mendoza	americanexpress	91400.43
125	Paula	Spencer	jcb	44912.65
126	Edward	Romero	jcb	67663.96
127	Sara	Shaw	americanexpress	69223.1
128	Timothy	Lynch	jcb	43828.29
129	Amy	Pierce	jcb	80810.24
130	Edward	Perez	jcb	91715.07
131	Daniel	Carter	china-unionpay	78272.88
132	Evelyn	Wright	jcb	8263.91
133	Ann	Peters	jcb	13520.45
134	Harold	Taylor	china-unionpay	14499.43
135	Frances	Ramos	visa-electron	64021.06
136	James	Simmons	diners-club-us-ca	69076.46
137	Tina	Gutierrez	mastercard	69099.66
138	Steven	Lee	switch	76319.87
139	Ernest	Foster	china-unionpay	87986.01
140	Brenda	Lawson	maestro	95987.53
141	Matthew	Jackson	mastercard	62579.35
142	Willie	Stewart	switch	16470.35
143	Joseph	Wright	jcb	90333.44
144	Wanda	Green	instapayment	22316.99
145	Gloria	Warren	mastercard	45208
146	Bruce	Price	jcb	40856.03
147	Anna	Andrews	mastercard	38967.74
148	Amanda	Cruz	bankcard	75657.85
149	Anna	Harper	jcb	96880.46
150	Stephen	Diaz	diners-club-us-ca	56826.21
151	Laura	Evans	jcb	34667.04
152	Nicholas	Austin	maestro	8951.1
153	Doris	Brown	jcb	75382.61
154	Joe	Wallace	diners-club-enroute	12366.02
155	Carlos	Matthews	jcb	65863.07
156	Angela	Brown	diners-club-enroute	24529.48
157	Justin	Russell	visa	98100.73
158	William	Murray	bankcard	94296.98
159	Alice	Cook	jcb	26101.62
160	Rose	Clark	mastercard	2044.54
161	Debra	Woods	bankcard	18687.77
162	Janice	Fisher	jcb	95197.6
163	Jose	Spencer	laser	60749.13
164	Philip	Baker	diners-club-carte-blanche	83765.87
165	Johnny	Sims	americanexpress	31499.04
166	Denise	Larson	jcb	79453.88
167	Joseph	Wheeler	jcb	56829.42
168	Christine	Fernandez	maestro	19850.04
169	Marilyn	Clark	instapayment	57728.92
170	Kathleen	Marshall	diners-club-us-ca	80987.91
171	Jeffrey	Peterson	diners-club-enroute	83170.25
172	Brian	Howard	maestro	48323.01
173	Julia	Frazier	visa	69336.1
174	Michelle	Hicks	china-unionpay	55909.72
175	Nicole	Ford	jcb	48165.69
176	James	Payne	jcb	23032.91
177	Carlos	Little	jcb	70424.24
178	Scott	Morris	jcb	18970.59
179	Pamela	Hayes	jcb	4131.96
180	Jerry	Brooks	jcb	27532.36
181	Jack	Murray	visa-electron	51242.63
182	Samuel	Green	visa-electron	67528.39
183	Sharon	Wright	china-unionpay	21862.31
184	Arthur	Kelley	jcb	77447.36
185	Carlos	Wallace	switch	73438.43
186	George	Torres	jcb	83035.27
187	Jonathan	Carroll	jcb	23398.62
188	Anthony	Hamilton	jcb	59245.73
189	Samuel	Hicks	jcb	28751.75
190	Catherine	Little	visa-electron	80229.53
191	Charles	Sims	jcb	14441.78
192	Phillip	Riley	jcb	98606.4
193	Aaron	Nelson	jcb	5150.95
194	Thomas	Reynolds	mastercard	39278.99
195	Jesse	Holmes	jcb	13751.05
196	Michelle	Myers	jcb	84028.31
197	Andrea	Stevens	jcb	25734.2
198	Jessica	Griffin	jcb	63775.29
199	Jean	Williams	switch	15991.5
200	William	Nguyen	mastercard	85231.72
201	Joseph	Lopez	switch	97649.42
202	Daniel	Walker	switch	64509.21
203	Edward	Watkins	maestro	56295.3
204	Jason	Fowler	instapayment	36942.15
205	Gerald	Murphy	jcb	44348.18
206	Kevin	Peters	diners-club-international	4468.94
207	Denise	Mccoy	bankcard	20632.06
208	Angela	George	jcb	30750.09
209	Joshua	Garcia	jcb	80618.88
210	Peter	Franklin	diners-club-carte-blanche	55039.9
211	Mark	Matthews	jcb	37387.69
212	Amy	Banks	china-unionpay	28881.17
213	Angela	Collins	diners-club-carte-blanche	2606.64
214	Stephen	Little	diners-club-enroute	71735.67
215	Gary	Perkins	jcb	13147.33
216	Jose	Little	jcb	10114.03
217	Elizabeth	Wells	mastercard	63178.68
218	Carolyn	George	visa	34232.18
219	Beverly	Snyder	switch	97377.14
220	Martha	Johnston	jcb	64317.07
221	Kimberly	Miller	jcb	18334.43
222	Beverly	Wilson	visa-electron	71576.13
223	Jeffrey	Riley	jcb	6150.62
224	Shawn	Austin	jcb	34487.52
225	William	Russell	mastercard	76932.27
226	Gary	Martinez	mastercard	14655.74
227	Carol	Chapman	jcb	17839
228	Gregory	Wallace	jcb	91595.62
229	Larry	Ray	jcb	45340.96
230	Lori	Rice	maestro	4766.7
231	Louise	Mendoza	jcb	23235.72
232	Gerald	Hunter	visa-electron	60920.13
233	Martin	Woods	visa-electron	27182.13
234	Ralph	Mcdonald	jcb	42125.34
235	Antonio	Hart	maestro	85441.04
236	Harold	Carpenter	jcb	50048.03
237	Jeffrey	Stephens	switch	80990.24
238	Dennis	Carter	laser	75248.59
239	Mark	Rose	diners-club-enroute	90173.62
240	Ronald	Gibson	jcb	71777.79
241	Nancy	Alexander	solo	30973.49
242	Kathleen	Morrison	jcb	26877.24
243	William	Hernandez	jcb	57231.73
244	Daniel	Vasquez	mastercard	36418.05
245	Fred	Foster	jcb	92116.05
246	Kathy	Jacobs	jcb	56374
247	Christopher	Kelly	diners-club-enroute	89579.36
248	Martin	Holmes	maestro	96285.16
249	Catherine	Rivera	jcb	50553.97
250	Melissa	Rice	jcb	28399.26
251	Phyllis	Riley	maestro	44326.11
252	Carolyn	Stewart	americanexpress	78624.47
253	Sean	Fields	jcb	51176.95
254	Mildred	Bailey	jcb	57254.7
255	Billy	Andrews	americanexpress	89751.32
256	Joe	Murphy	bankcard	96863.05
257	Carol	Hanson	jcb	9651.85
258	Karen	Carpenter	jcb	10799.75
259	Christopher	Boyd	instapayment	61376.24
260	Janet	Hawkins	jcb	26471.81
261	Denise	Richards	jcb	10299.91
262	Gregory	Tucker	maestro	45474.07
263	Sara	Fields	mastercard	75760.15
264	Ruth	Meyer	visa	31663.42
265	Jacqueline	Spencer	diners-club-enroute	31674.76
266	Michelle	Smith	china-unionpay	39763.49
267	Benjamin	Hamilton	maestro	31041.28
268	Rebecca	Lawson	maestro	32779.24
269	Marilyn	Matthews	jcb	86282.51
270	Ernest	Watkins	jcb	58100.29
271	Steve	Owens	maestro	2764.02
272	Douglas	Ward	jcb	72522.81
273	Benjamin	Ramirez	jcb	69301.61
274	Charles	Hansen	switch	13772.75
275	Barbara	Little	mastercard	99426.12
276	Thomas	Harper	solo	50312.35
277	Michael	Vasquez	maestro	16327.93
278	Antonio	Carpenter	maestro	54037.35
279	Roger	Oliver	diners-club-carte-blanche	88441.22
280	Craig	Wheeler	china-unionpay	38329.89
281	Jean	Reyes	jcb	82128.73
282	Michelle	Harper	mastercard	77321.84
283	Barbara	Fox	laser	19113.21
284	Kathy	Hudson	maestro	98583.62
285	Douglas	Johnston	jcb	23346.89
286	Donald	Mcdonald	bankcard	77898.8
287	Aaron	Fox	jcb	89447.29
288	Katherine	Welch	jcb	61178.24
289	Jeffrey	Wagner	switch	14522.31
290	Arthur	Payne	jcb	81273.65
291	Steven	Mason	bankcard	75527.35
292	Louise	Reid	diners-club-international	16615.88
293	Sandra	Wood	jcb	-180.81
294	Theresa	Cook	mastercard	73731.52
295	Adam	Banks	switch	51757.23
296	Lawrence	Cooper	bankcard	57977.27
297	Wanda	Austin	jcb	99074.34
298	Martin	Shaw	jcb	33560.18
299	Jean	Diaz	diners-club-enroute	1570.62
300	Antonio	Hernandez	mastercard	54725.44
301	Chris	Lawson	mastercard	66628.39
302	Brandon	Patterson	jcb	55980.84
303	Charles	Coleman	jcb	71018.07
304	Gloria	Gray	mastercard	35814.51
305	Dorothy	Stone	americanexpress	22565.53
306	Lisa	Crawford	diners-club-enroute	34122.8
307	Amanda	Watson	jcb	18488.42
308	Diana	Barnes	mastercard	13425.49
309	Martha	Griffin	jcb	12326.51
310	Samuel	Shaw	visa	64251.4
311	Lawrence	Payne	maestro	9843.98
312	Arthur	Ortiz	jcb	61396.61
313	Arthur	Ray	solo	77055.86
314	Karen	Sullivan	switch	69301.02
315	Kathy	Mccoy	diners-club-enroute	74052.48
316	Theresa	Baker	jcb	25208.14
317	Mildred	Hart	switch	59867.89
318	William	Freeman	jcb	24487.31
319	Terry	Lawrence	laser	46373.37
320	Anthony	Brooks	jcb	76047.67
321	Roger	Medina	jcb	62524.47
322	Stephanie	Jordan	jcb	85080.84
323	Anthony	Howell	jcb	50164.32
324	Wanda	Olson	jcb	75204.51
325	Howard	Armstrong	switch	88386.65
326	Victor	Reed	mastercard	24475.39
327	Todd	Wood	jcb	5009.89
328	Richard	Reed	jcb	4948.76
329	Marie	Boyd	laser	59880.25
330	Mildred	Gomez	visa-electron	7527.71
331	Earl	Hudson	jcb	3719.17
332	Martha	Lynch	visa-electron	13660.5
333	Christine	Armstrong	americanexpress	2809.53
334	Christopher	Allen	americanexpress	10238.26
335	Howard	Chavez	jcb	3407.3
336	Christine	Ellis	jcb	43031.88
337	Emily	Smith	bankcard	21811.77
338	Doris	Willis	china-unionpay	27279.17
339	Gloria	Cox	visa-electron	82861.37
340	Michelle	Dixon	bankcard	47341.81
341	Evelyn	Nichols	switch	80127.73
342	Donald	Russell	instapayment	91157.2
343	Emily	Howell	visa-electron	91051.2
344	Kathleen	Clark	laser	16754.54
345	Anthony	Carroll	china-unionpay	12510.56
346	Brandon	Berry	china-unionpay	80643.19
347	Phyllis	George	china-unionpay	99976.67
348	Christine	Price	switch	2362.59
349	Betty	Anderson	bankcard	70019.4
350	Arthur	Gordon	maestro	27693.29
351	Terry	Tucker	visa-electron	45409.67
352	Juan	Daniels	visa	86764.25
353	Jean	Fowler	jcb	3098.05
354	Christine	Young	mastercard	11494.15
355	Lawrence	Miller	maestro	17976.12
356	Jacqueline	Armstrong	diners-club-enroute	68844.13
357	Philip	Bryant	mastercard	37146.26
358	Nicole	Chavez	jcb	79406.51
359	Antonio	Stevens	laser	17944.9
360	Helen	Gordon	mastercard	95604.17
361	Daniel	Roberts	americanexpress	61512.03
362	Cheryl	Parker	mastercard	65235.65
363	Charles	Cunningham	visa-electron	35664.83
364	Ruth	Hill	mastercard	16684.64
365	Earl	Cooper	jcb	8012.5
366	Nancy	Coleman	jcb	87372.68
367	Kenneth	Romero	laser	78245.98
368	Kimberly	Baker	visa-electron	37680.94
369	James	Payne	visa	73658.32
370	Melissa	Armstrong	mastercard	76402.78
371	Lawrence	Lane	jcb	79937.92
372	Jack	Henry	jcb	88440.24
373	William	Vasquez	jcb	7587.88
374	Doris	Bell	jcb	94722.58
375	Rose	Lawson	jcb	33212.89
376	Carl	Kelly	jcb	88411.18
377	Deborah	Hanson	mastercard	6544.22
378	Charles	Kim	jcb	11596.92
379	Carol	Lawrence	jcb	68493.22
380	Judy	Graham	jcb	98969.49
381	Irene	Nelson	maestro	14098.09
382	George	Fox	switch	14396.55
383	Rose	Riley	jcb	58105.56
384	Amy	Owens	diners-club-carte-blanche	78023.02
385	Robin	Cox	maestro	97960.79
386	Douglas	Fox	jcb	34285.08
387	Linda	Wood	switch	80293.62
388	Gloria	Wagner	jcb	89867.59
389	Kathleen	Henry	jcb	88012.79
390	Sandra	King	jcb	12435.16
391	Louis	Marshall	jcb	72149.16
392	Douglas	Welch	jcb	38887.84
393	Fred	Cox	jcb	30687.15
394	Beverly	Morrison	visa	74186.41
395	Ruby	Pierce	diners-club-enroute	99314.02
396	Sean	Lewis	jcb	1594.94
397	Kimberly	Harvey	jcb	38371.75
398	Evelyn	Jacobs	jcb	55273.89
399	Gerald	Washington	switch	95995.51
400	Mary	Gonzalez	visa	20495.29
401	Brenda	Fowler	bankcard	13516.4
402	Martha	Dean	china-unionpay	99758.78
403	Andrew	Burton	switch	97498.43
404	Shawn	Jenkins	jcb	15621.26
405	Janet	Wells	china-unionpay	50143.4
406	Raymond	Jenkins	jcb	26131.59
407	Louise	Cruz	diners-club-enroute	29560.75
408	Jeffrey	Meyer	jcb	45341.8
409	Ashley	Schmidt	mastercard	12945.61
410	Douglas	Lane	jcb	70112.71
411	Catherine	Wilson	visa-electron	84629.97
412	Justin	Porter	americanexpress	43491.22
413	Ernest	Oliver	jcb	66955.83
414	Daniel	Rose	diners-club-enroute	36542.01
415	Craig	Thomas	mastercard	74956.66
416	Kevin	Lee	mastercard	71818.58
417	Craig	Knight	jcb	63261.97
418	Margaret	Harris	americanexpress	20538.11
419	Joyce	Harris	diners-club-carte-blanche	9634.94
420	Kenneth	Edwards	switch	42174.11
421	Doris	Jackson	americanexpress	70933.95
422	Annie	Dean	solo	7744.85
423	Stephanie	Warren	solo	42789.46
424	Christopher	Campbell	americanexpress	74226.07
425	Martin	Black	visa-electron	70968.14
426	Gloria	Dean	jcb	25232.36
427	Jean	Butler	jcb	38471.38
428	Phyllis	Owens	jcb	58739.85
429	Annie	Gonzalez	jcb	11442.47
430	Christina	Garrett	jcb	58020.87
431	Carol	Gonzalez	jcb	70119.7
432	Joan	Torres	jcb	55273.21
433	Emily	Gray	bankcard	62046.79
434	Helen	Kennedy	diners-club-enroute	59153.93
435	Christopher	Howard	jcb	43631.74
436	Margaret	Flores	diners-club-enroute	17492.23
437	Emily	Chapman	jcb	3285.99
438	Philip	Owens	jcb	58313.3
439	Bonnie	Coleman	maestro	54661.56
440	Janet	Dixon	diners-club-carte-blanche	93426.77
441	Diana	Wood	americanexpress	80962.85
442	Ashley	Brooks	americanexpress	99722.63
443	Gary	Turner	americanexpress	47730.3
444	Frank	Hamilton	jcb	76016.55
445	Scott	Nichols	mastercard	94229.87
446	Frank	Elliott	jcb	92069.87
447	Harold	Spencer	jcb	93758.37
448	Phillip	Allen	jcb	51069.41
449	Frank	Mason	mastercard	47939.82
450	Phyllis	Chapman	diners-club-enroute	81214.6
451	Sandra	Greene	jcb	56767.35
452	Brian	Ryan	bankcard	31636.4
453	Jane	Lewis	jcb	66277.8
454	Arthur	Meyer	solo	5589.12
455	Rebecca	Rodriguez	mastercard	49502.03
456	Brandon	Berry	americanexpress	19901.32
457	Fred	Russell	diners-club-enroute	23833.27
458	John	Reyes	jcb	57458.81
459	Martha	Rodriguez	jcb	44019.42
460	Paula	Ferguson	americanexpress	47541.28
461	Teresa	Hall	jcb	55263.81
462	Chris	Alexander	jcb	65914.86
463	George	Webb	jcb	97577.66
464	Joshua	Gonzalez	jcb	91263.78
465	Christopher	Gomez	jcb	76078.87
466	Anthony	Chavez	diners-club-carte-blanche	45626.87
467	Lori	Watkins	americanexpress	18800.9
468	Billy	Garrett	laser	90333.48
469	Douglas	Snyder	instapayment	51012.53
470	Gloria	Barnes	jcb	93322.27
471	Christina	Larson	jcb	61340.47
472	Russell	Wright	laser	26146.46
473	Beverly	Morris	jcb	32079.67
474	Philip	Turner	jcb	11095.97
475	Earl	Moore	china-unionpay	22495.23
476	Louis	Peterson	mastercard	37551.2
477	Joseph	Henry	jcb	22525.87
478	Anthony	Cruz	bankcard	14891.78
479	Douglas	Snyder	jcb	51469.31
480	Jesse	Richardson	diners-club-enroute	70859.86
481	Clarence	Mitchell	jcb	29310.14
482	Steven	Lawrence	maestro	19184.49
483	Bonnie	Carter	jcb	75033.15
484	Donald	Kennedy	laser	75322.05
485	Ronald	Ruiz	switch	1788.08
486	Earl	Black	diners-club-enroute	45542.4
487	Paula	Webb	mastercard	27488.36
488	Joshua	Dunn	diners-club-enroute	5073.35
489	Rose	Lewis	diners-club-enroute	87826.65
490	Jerry	Jordan	jcb	71300.97
491	James	Harper	jcb	88680.51
492	Mildred	Cox	instapayment	80859.95
493	Frank	Carter	jcb	58341.63
494	Bonnie	Bowman	visa-electron	13043.26
495	Stephen	Powell	china-unionpay	89897.07
496	Angela	Cunningham	jcb	66870.8
497	Joyce	Moreno	mastercard	38100.93
498	Richard	Murphy	americanexpress	56963.38
499	Kevin	Kelly	jcb	85059.38
500	Fred	Warren	jcb	21336.02
501	Phillip	Hanson	diners-club-enroute	45955.52
502	Joshua	Carter	mastercard	98746.43
503	Antonio	Scott	bankcard	64316.47
504	Margaret	Watson	jcb	36666.73
505	John	Ross	diners-club-enroute	54891.16
506	Debra	Harris	jcb	41076.96
507	Rose	Freeman	jcb	36386.67
508	Phyllis	West	jcb	61738.38
509	Victor	Castillo	jcb	12468.43
510	Scott	Lynch	jcb	65348.23
511	Alan	Lewis	jcb	53756.87
512	Jason	Butler	jcb	56998.17
513	Donna	Mendoza	jcb	86286.73
514	Linda	Sanders	diners-club-carte-blanche	46089.21
515	Robert	Kennedy	diners-club-enroute	63168.11
516	Jane	Jackson	diners-club-us-ca	97244.5
517	Carol	West	jcb	55636.11
518	Justin	Boyd	jcb	49696.58
519	Joshua	Reid	switch	41752.06
520	Laura	Hill	bankcard	10437.14
521	Walter	Thomas	china-unionpay	74122.67
522	Louise	Hernandez	jcb	95159.39
523	Anne	Clark	maestro	44829.57
524	Nancy	Lynch	mastercard	66041.57
525	Samuel	Vasquez	jcb	50804.18
526	Willie	Watson	visa-electron	90884.49
527	Tina	Gray	switch	30111.33
528	Eric	Cunningham	diners-club-carte-blanche	72329.14
529	Judy	Bailey	jcb	22428.69
530	Marilyn	Stevens	bankcard	40075.25
531	Kelly	Murphy	jcb	60899.01
532	Kathleen	Spencer	americanexpress	16249.22
533	Anthony	Patterson	visa	14014.46
534	Wayne	Nichols	mastercard	67323.73
535	Beverly	Garza	jcb	95405.43
536	Daniel	Hudson	mastercard	90791.22
537	Emily	Cruz	diners-club-us-ca	1847.14
538	Christina	Dixon	diners-club-carte-blanche	76797.34
539	Steven	Howard	bankcard	20629.66
540	Roger	Graham	jcb	34355.4
541	Dorothy	Sanchez	visa	54233.69
542	Heather	Larson	diners-club-enroute	91153.98
543	Barbara	Murphy	jcb	64969.68
544	Joe	Johnston	mastercard	66428.49
545	Peter	Griffin	mastercard	68590.63
546	James	Frazier	jcb	86822.94
547	Jerry	Carter	visa	37217.96
548	Evelyn	Cole	switch	90362.37
549	Marilyn	Allen	maestro	49611.91
550	Denise	Griffin	maestro	74855.72
551	Phillip	Mason	diners-club-international	58746.89
552	Wayne	Jordan	americanexpress	9110.44
553	Anthony	White	visa-electron	15011.04
554	Cynthia	Payne	visa-electron	40641.18
555	Linda	Hughes	jcb	92749.29
556	Laura	Walker	visa-electron	56541.77
557	Eugene	Ellis	instapayment	70151.09
558	Joseph	Phillips	laser	34637.93
559	Brenda	James	jcb	66383.4
560	Mary	Bryant	americanexpress	28055.67
561	Amanda	Wilson	maestro	22240.24
562	Billy	Rodriguez	visa	4008.81
563	Carol	Howard	jcb	63482.82
564	Irene	Moreno	visa-electron	34222.03
565	Ruth	Williamson	jcb	19800.41
566	Philip	Dunn	jcb	82030.95
567	Deborah	Garrett	china-unionpay	45840.72
568	Juan	Kelley	maestro	44524.9
569	Eugene	Cunningham	jcb	33242.72
570	Steve	Murray	jcb	66273.64
571	Bonnie	Bailey	jcb	79234.12
572	Stephen	Hansen	mastercard	44823.61
573	Stephanie	Fields	jcb	75613.82
574	Martin	Gutierrez	jcb	7382.8
575	Anne	Warren	diners-club-enroute	98911.29
576	Antonio	Brooks	mastercard	71605.85
577	Andrew	Adams	visa-electron	72234.86
578	Diana	Lewis	diners-club-carte-blanche	76145.39
579	Diane	Lewis	mastercard	9097.02
580	Randy	Bennett	instapayment	27414.78
581	Judith	Morales	diners-club-carte-blanche	6730.31
582	Bruce	Ford	jcb	78730.55
583	Donald	Williams	jcb	81930.35
584	Diana	Kelley	maestro	55006.39
585	Victor	Kim	jcb	84011.56
586	Heather	Rogers	jcb	11925.31
587	Louis	Wallace	jcb	9182.11
588	Larry	Ross	jcb	94558.78
589	Jacqueline	Webb	switch	53176.62
590	Carol	Ryan	maestro	5655.26
591	Dennis	Bowman	solo	21052.2
592	Theresa	Larson	switch	51001.09
593	Michelle	Collins	china-unionpay	99745.56
594	Dennis	Flores	bankcard	42831.66
595	Denise	Turner	jcb	87957.72
596	Dennis	Henderson	mastercard	32588.41
597	Larry	Gray	americanexpress	6177.11
598	Doris	Johnston	laser	10725.76
599	Willie	Washington	jcb	29336.12
600	Robert	Hernandez	jcb	71079.54
601	Timothy	Romero	diners-club-enroute	32655.3
602	Janice	Parker	jcb	77581.5
603	Wayne	Snyder	diners-club-enroute	2347.84
604	Michelle	Murphy	jcb	11834.74
605	Melissa	Oliver	jcb	50185.02
606	Paul	Griffin	maestro	86733.45
607	Karen	Matthews	jcb	9430.79
608	Anne	Kennedy	maestro	80618.61
609	Terry	Hall	jcb	21232.82
610	Samuel	Montgomery	visa-electron	83528.12
611	Terry	Day	americanexpress	74474.14
612	Christopher	Perez	jcb	98829.76
613	Russell	Ortiz	jcb	24924.13
614	Judy	Oliver	diners-club-carte-blanche	70149.78
615	Gerald	Bailey	bankcard	73474
616	Joe	Wells	jcb	63748.52
617	Maria	Chavez	bankcard	-33.18
618	Evelyn	Scott	jcb	6806.04
619	Billy	Vasquez	jcb	87318.62
620	Beverly	Pierce	jcb	45587.74
621	Harold	Stone	bankcard	36826.9
622	Jerry	Payne	jcb	64578.63
623	Joyce	Black	china-unionpay	18205.13
624	Bobby	Young	bankcard	42748.47
625	Ralph	Wagner	jcb	45739.89
626	Louise	Burton	jcb	98597.57
627	Debra	Alvarez	jcb	60592.17
628	Nancy	Alexander	visa	65572.35
629	Teresa	Harris	china-unionpay	34614.97
630	Barbara	Nguyen	maestro	20720.38
631	Evelyn	Reynolds	americanexpress	50539.08
632	Ashley	Jordan	diners-club-carte-blanche	25749.63
633	Douglas	Barnes	jcb	27917.96
634	Lawrence	Crawford	jcb	78512.65
635	Lawrence	Wells	jcb	92554.36
636	Jack	Howell	laser	53950.74
637	Christopher	Kim	jcb	64269.95
638	Scott	Rogers	switch	36876.36
639	Jane	Fisher	mastercard	44083.74
640	Beverly	Campbell	instapayment	1153.11
641	Steven	Harris	jcb	28902.67
642	Helen	Knight	jcb	65112.78
643	Rachel	Stanley	jcb	54676.13
644	Judith	Tucker	diners-club-enroute	22295.73
645	Patrick	Price	visa-electron	53919.09
646	Lois	Rivera	diners-club-enroute	87053.84
647	Teresa	Graham	jcb	64899.98
648	Maria	Walker	jcb	43356.55
649	Christine	Gilbert	diners-club-enroute	2683.38
650	Samuel	Carpenter	jcb	39168.73
651	Charles	Russell	jcb	42373.96
652	Shawn	Snyder	jcb	36726.6
653	Barbara	Diaz	maestro	18336.17
654	Emily	Allen	jcb	15735.05
655	Carolyn	Reed	jcb	78311.43
656	Bruce	Stone	maestro	9959.96
657	Stephen	Baker	maestro	11502.83
658	Norma	Price	jcb	7616.43
659	Daniel	Shaw	instapayment	73645.45
660	Jimmy	Hanson	switch	479.35
661	Sharon	Graham	mastercard	66643.82
662	Kimberly	Gordon	visa-electron	65099.47
663	Terry	Willis	china-unionpay	32052.47
664	Steve	Hawkins	jcb	62964.34
665	Nicole	Ramirez	diners-club-enroute	86053.24
666	Denise	Clark	visa	59636.12
667	Harry	Ray	jcb	60936.53
668	Carol	Daniels	jcb	7297.43
669	Carolyn	Smith	switch	26841.48
670	Ruth	Moore	mastercard	8988.23
671	Nancy	Russell	jcb	41076.75
672	Eugene	Greene	jcb	31260.53
673	Kathryn	Gonzalez	jcb	23007.92
674	Roy	Richardson	maestro	5250.83
675	Shirley	Bishop	mastercard	51141.31
676	Elizabeth	Jordan	visa	47541.7
677	Patrick	Wallace	maestro	38149.42
678	Willie	Diaz	maestro	77707.48
679	Tina	Johnston	mastercard	7345.63
680	Nancy	Ruiz	jcb	9639.78
681	Nicole	Murphy	bankcard	13120.7
682	Melissa	Hayes	mastercard	32101.45
683	Fred	Scott	mastercard	23266.03
684	Kathleen	Black	switch	27548.09
685	Diana	Burton	jcb	53175.38
686	Stephen	Lynch	mastercard	14747.88
687	Judy	Jordan	maestro	4880.79
688	Barbara	Johnson	visa-electron	25354.51
689	Daniel	Stewart	diners-club-enroute	95245.33
690	Gerald	Simpson	china-unionpay	38866.57
691	Laura	Sanchez	jcb	91377.63
692	Gloria	Reynolds	americanexpress	68656.26
693	Jack	Day	jcb	1773.83
694	Chris	Riley	jcb	47788.15
695	Craig	Flores	diners-club-carte-blanche	98672.44
696	Brian	Carroll	diners-club-carte-blanche	50485.21
697	Russell	Washington	laser	46067.04
698	Amanda	Fowler	jcb	71380.04
699	Harold	Barnes	visa-electron	51944.03
700	Helen	Little	diners-club-carte-blanche	55083.64
701	Mark	Jones	diners-club-us-ca	52015.89
702	Shirley	Edwards	jcb	82052.59
703	Jason	Gardner	maestro	19888.17
704	Eugene	Lynch	maestro	16307.92
705	Heather	Peters	diners-club-international	14523.07
706	Joyce	Richards	jcb	14844.81
707	Amanda	Nelson	bankcard	84318.23
708	Ernest	Lane	diners-club-enroute	47475.4
709	Wayne	Evans	switch	34612.39
710	Rachel	Berry	jcb	99906.96
711	Judy	Sanchez	jcb	32902.25
712	Kenneth	Young	jcb	39091.25
713	Sharon	Garza	americanexpress	2325.27
714	Carol	Ferguson	diners-club-us-ca	63130.58
715	Mildred	Kelly	jcb	28091.1
716	Craig	Lewis	jcb	14851.82
717	Daniel	Chapman	maestro	89909.42
718	Charles	Arnold	jcb	76353.5
719	Michelle	Larson	jcb	58012.32
720	Harold	Webb	jcb	63205.05
721	Charles	Fox	diners-club-enroute	70453.81
722	Carlos	Anderson	jcb	75307.7
723	Jose	Nelson	americanexpress	92030.76
724	Sean	Sullivan	jcb	40418.87
725	Emily	Edwards	diners-club-enroute	38234.55
726	Christina	Cox	diners-club-enroute	92357.19
727	Jonathan	Andrews	maestro	78002.93
728	Arthur	Garza	jcb	77102.65
729	Christina	Austin	jcb	77378.49
730	Helen	Watson	jcb	26351.76
731	Matthew	Franklin	visa-electron	2040.64
732	Denise	Moore	jcb	18449.07
733	Phillip	Snyder	jcb	31137.39
734	Johnny	Ruiz	visa	2561.62
735	Rachel	Morris	jcb	23605.72
736	Julie	Murray	maestro	70177.75
737	Louis	Torres	jcb	11249.26
738	Melissa	Fowler	jcb	59749.65
739	Sara	Young	jcb	25052.89
740	Jessica	Anderson	jcb	47712.13
741	Timothy	Mason	jcb	31174.71
742	Eugene	Stanley	visa	87065.76
743	Judith	Simpson	jcb	10790.9
744	Jason	Edwards	switch	29541.13
745	Stephanie	Edwards	americanexpress	35015.01
746	Frank	Banks	maestro	32762.86
747	Sara	Bowman	jcb	72688.41
748	Julia	Woods	jcb	30401.03
749	Christine	Armstrong	bankcard	97386.27
750	Jose	Dunn	solo	63276.53
751	Amy	Ruiz	diners-club-carte-blanche	13027.53
752	Anna	Hunter	jcb	12582.44
753	Julie	Oliver	jcb	20509.58
754	Rebecca	White	solo	65306.88
755	Jesse	Weaver	visa-electron	49555.79
756	Julia	Wagner	americanexpress	17286.49
757	Jason	Thompson	visa	99463.96
758	Debra	Moore	jcb	80529.21
759	Theresa	Alexander	jcb	87844.01
760	Michelle	Greene	jcb	46799.88
761	Roger	Sanchez	jcb	92335.19
762	Melissa	Hart	china-unionpay	43919.61
763	Larry	Garcia	jcb	8047.65
764	Christina	Snyder	visa-electron	28014.62
765	Harry	Hughes	switch	70314.86
766	Carolyn	Fernandez	mastercard	13283.56
767	Cheryl	Hicks	jcb	36558.81
768	Linda	Sanders	china-unionpay	70664.46
769	Brenda	Wells	solo	84813.96
770	Arthur	Hicks	jcb	20399.27
771	Andrew	Bishop	mastercard	24708.32
772	Johnny	Sanders	switch	56171.5
773	Gerald	Parker	solo	8713.4
774	Mark	Daniels	jcb	48153.11
775	Anne	Gordon	jcb	10268.15
776	Joshua	Scott	jcb	39577.64
777	Jonathan	Flores	mastercard	68395.46
778	Jeffrey	Cooper	americanexpress	24953.29
779	Timothy	Mason	mastercard	44157.2
780	Patrick	Howell	jcb	18501.62
781	Jacqueline	Fields	visa	4140.76
782	Keith	Rivera	americanexpress	22251.14
783	Patricia	Reed	switch	11894.19
784	Pamela	Castillo	maestro	9492.15
785	Julia	Alexander	jcb	39753.45
786	Susan	Phillips	jcb	64739.46
787	Kathy	Ford	mastercard	64526.15
788	Louis	Hudson	jcb	24584.11
789	Judith	Shaw	jcb	7163.38
790	Brandon	Fernandez	jcb	50259.46
791	Louis	Burke	china-unionpay	92447.29
792	Gerald	Wallace	jcb	5775.01
793	Larry	James	jcb	8748.95
794	Ryan	Lawson	diners-club-carte-blanche	84475.66
795	Phillip	Castillo	jcb	60965.55
796	Wanda	Burke	jcb	44414.79
797	Judy	Woods	instapayment	73515.62
798	Wayne	Burns	diners-club-enroute	32736.53
799	Wanda	Lopez	jcb	55903.26
800	Joyce	Walker	jcb	882.57
801	Dennis	Hanson	switch	37380.05
802	Thomas	Robertson	bankcard	46775.08
803	Justin	Rogers	bankcard	95504.04
804	Richard	Hamilton	mastercard	87536.57
805	Robin	Crawford	jcb	8011.75
806	Kimberly	Ruiz	jcb	62274.99
807	Billy	Howard	mastercard	93326.92
808	Susan	Payne	visa	67991.47
809	Albert	Lewis	jcb	87642.4
810	Joan	Owens	china-unionpay	25323.95
811	Betty	Morales	maestro	16720.31
812	Billy	Sullivan	jcb	84099.27
813	Charles	Lane	mastercard	73945.25
814	Carol	Hernandez	jcb	87425.52
815	Billy	Hall	mastercard	56701.67
816	Doris	Oliver	maestro	34110.22
817	Keith	Powell	americanexpress	3476.74
818	Sandra	Mason	mastercard	61034.52
819	Earl	Wood	visa-electron	37622.97
820	Randy	Powell	jcb	12750.16
821	Susan	Gibson	jcb	21994.71
822	Fred	Williamson	diners-club-carte-blanche	57287.63
823	Michael	Cruz	jcb	48676.27
824	Angela	Kelly	jcb	73265.65
825	Paul	Ray	jcb	40414.33
826	Craig	Jordan	instapayment	8618.78
827	Janice	Baker	visa-electron	31095.95
828	Harry	Castillo	americanexpress	26092.47
829	Kathryn	Elliott	mastercard	65849.9
830	Chris	Washington	mastercard	99972.35
831	Henry	Robertson	jcb	12948.42
832	Lois	Stewart	mastercard	77663.71
833	Chris	Hayes	diners-club-enroute	37719.42
834	Henry	Hunt	laser	88797.73
835	Christine	Matthews	bankcard	46424.39
836	Emily	Rice	jcb	25840.73
837	Diane	Jacobs	diners-club-carte-blanche	38606.23
838	Emily	Bradley	mastercard	38309.22
839	Kathryn	Coleman	instapayment	96137.86
840	Theresa	Fox	visa	45307.57
841	William	Andrews	americanexpress	46305.3
842	Juan	Murphy	maestro	18076.49
843	William	Bennett	jcb	24729.47
844	Jimmy	Moore	jcb	7041.08
845	Jennifer	Medina	jcb	30614.11
846	Walter	Hill	mastercard	84169.64
847	Roger	Carter	jcb	77059.15
848	Diane	Murphy	jcb	2447.49
849	Teresa	Rose	diners-club-enroute	57601.74
850	Samuel	Jones	visa-electron	40192.73
851	Bruce	Ryan	jcb	76768.03
852	Martin	Rogers	jcb	73127.15
853	Nancy	Weaver	instapayment	79102.49
854	Carol	Robertson	jcb	22250.17
855	Joyce	Daniels	jcb	16437.07
856	Clarence	Burke	diners-club-carte-blanche	47941.84
857	Scott	Cruz	jcb	98701.05
858	Justin	Fox	jcb	26913.22
859	Brian	Fuller	jcb	57662.29
860	Christina	Allen	mastercard	8976.2
861	Amy	Palmer	jcb	22366.61
862	Bonnie	Snyder	americanexpress	78499.69
863	Douglas	Howard	jcb	42498.51
864	Tammy	Dean	jcb	21846.19
865	Clarence	Hansen	jcb	51624.22
866	Stephanie	Howard	jcb	74579.91
867	Stephen	Gonzalez	mastercard	88828.35
868	Linda	Robertson	jcb	35519.03
869	Raymond	Rogers	diners-club-enroute	17015.61
870	Jason	Cunningham	jcb	80620.12
871	Catherine	Taylor	visa	596.05
872	Mildred	Cox	visa-electron	11999.91
873	Paula	Chapman	jcb	20945.99
874	Howard	Ortiz	jcb	17661.59
875	George	Sanchez	jcb	56766.03
876	Richard	Snyder	switch	56764.46
877	Anna	Ruiz	bankcard	60039.71
878	Diane	Fields	mastercard	85478.97
879	Philip	Austin	americanexpress	79967.28
880	Sarah	Webb	jcb	98904.6
881	Timothy	Roberts	jcb	34465.63
882	Philip	Carter	visa-electron	60224.78
883	Eric	Nichols	jcb	76407.22
884	Gregory	Price	jcb	49075.17
885	Mark	Hunt	solo	78329.65
886	Christina	Bennett	diners-club-us-ca	69273.1
887	Susan	Fisher	switch	32560.63
888	Betty	Ortiz	jcb	51768.12
889	Mary	Williamson	diners-club-enroute	12605.26
890	Carol	Webb	jcb	81532.86
891	Earl	Fuller	jcb	17874.74
892	Ryan	Howard	jcb	77825.44
893	Sean	Hansen	jcb	62740.53
894	Keith	Gonzales	jcb	92483.81
895	Benjamin	Holmes	mastercard	85479.4
896	Alice	Henry	americanexpress	75313.36
897	Julia	Alvarez	jcb	53617.4
898	Jerry	Burns	americanexpress	77210.47
899	Robert	Davis	jcb	6348.44
900	Marie	Dean	jcb	25644.9
901	Jane	Frazier	jcb	93504.01
902	Ralph	Welch	mastercard	88611.85
903	Jeremy	Bradley	visa	52672.8
904	John	Hayes	jcb	3888.31
905	Willie	Murphy	maestro	21453.03
906	Doris	White	mastercard	86543.1
907	Mark	Carpenter	americanexpress	63895.48
908	Laura	White	jcb	35774.18
909	Diane	Rivera	solo	56416.62
910	Douglas	Jacobs	jcb	30563.14
911	Justin	Ryan	bankcard	30482.74
912	Clarence	Franklin	switch	56302.95
913	Irene	Smith	jcb	58958.19
914	Diane	Kelly	americanexpress	69617.44
915	Stephen	Powell	switch	52593.34
916	Kelly	Gardner	mastercard	32920.63
917	Joshua	Vasquez	visa	75637.24
918	Catherine	Gardner	jcb	2583.42
919	Betty	Price	mastercard	47729.84
920	Frank	Lane	jcb	43704.41
921	Donna	Bradley	visa-electron	27231.06
922	John	Hart	visa-electron	76421.3
923	Shirley	Kelley	jcb	83905.01
924	Christopher	Chavez	diners-club-carte-blanche	51884.11
925	Russell	Reyes	diners-club-carte-blanche	58549.22
926	Catherine	Willis	diners-club-carte-blanche	45350.8
927	Emily	Cook	jcb	22589.51
928	Helen	Ellis	jcb	576.16
929	Sharon	Perez	jcb	48677.87
930	Cynthia	Murray	maestro	13396.12
931	Laura	Frazier	switch	33883.95
932	Andrew	Evans	bankcard	23459.97
933	Rose	Henderson	mastercard	81891.99
934	Denise	Rice	jcb	54030.86
935	Steve	Ruiz	mastercard	39730.66
936	Phyllis	Bowman	jcb	45310.37
937	Lawrence	Berry	jcb	88807.69
938	Ann	Grant	visa	74389.61
939	Jesse	Johnston	visa-electron	26004.12
940	Louis	Walker	jcb	47781.74
941	Mary	Bishop	jcb	91384.37
942	George	Burton	china-unionpay	968.03
943	Ryan	Harrison	instapayment	65828.79
944	Jack	Austin	diners-club-carte-blanche	29158.63
945	Philip	Ortiz	visa	41935.14
946	Irene	Carr	china-unionpay	262.66
947	Johnny	Lewis	switch	21848.79
948	Jessica	Little	jcb	56571.43
949	Terry	Garrett	visa-electron	17919.91
950	Amy	Ramos	jcb	55319.87
951	Christopher	Barnes	switch	96389.59
952	Anne	Barnes	jcb	91400.67
953	Jimmy	Morales	jcb	99245.6
954	John	Sanchez	diners-club-carte-blanche	88918.44
955	Michelle	Bowman	americanexpress	75497.83
956	Elizabeth	Bowman	laser	51961.84
957	Sharon	Sullivan	switch	24093.87
958	Emily	Anderson	diners-club-international	94013.93
959	Eugene	Simpson	jcb	36483.16
960	Carlos	Harper	jcb	40854.74
961	Jean	Washington	visa	825.05
962	Lillian	Boyd	jcb	31617.1
963	Adam	Washington	china-unionpay	31447.66
964	Martin	Edwards	maestro	22046.88
965	Rebecca	Watkins	mastercard	4434.22
966	Joan	Walker	jcb	62149.25
967	Lisa	Schmidt	mastercard	57476.36
968	Michael	Reyes	maestro	64543.53
969	Michelle	Smith	switch	30436.77
970	Amy	Owens	laser	80.98
971	Virginia	Marshall	jcb	75586.83
972	Mark	Baker	diners-club-us-ca	19821.85
973	Douglas	Washington	americanexpress	81473
974	Marie	Torres	jcb	70899.97
975	Susan	Davis	jcb	45482.62
976	Heather	Watson	jcb	57085.1
977	Victor	Moore	jcb	47349.88
978	Wayne	Patterson	visa-electron	72697.71
979	Katherine	Snyder	jcb	66309.46
980	Laura	Warren	jcb	77034.26
981	Sandra	Lewis	jcb	3527.41
982	Frances	Berry	jcb	49419.39
983	Ralph	Ford	jcb	25717.26
984	Jennifer	Campbell	jcb	97070.93
985	Ralph	Brooks	visa	2612.54
986	Nancy	Olson	jcb	54963.14
987	Judith	Lynch	jcb	95668.4
988	Chris	Ray	mastercard	29570.47
989	Wayne	Harper	visa-electron	12735.18
990	Janet	Owens	jcb	43509.43
991	Robin	Miller	diners-club-carte-blanche	7644.73
992	Peter	Jordan	instapayment	18617.08
993	Andrew	Scott	americanexpress	63368.2
994	Sharon	Rivera	jcb	45109.91
995	Jonathan	Richardson	americanexpress	25064.35
996	Emily	Parker	visa	14566.5
997	Nancy	Gonzales	jcb	93227.94
998	Helen	Alexander	mastercard	71470.95
999	Harold	Ramirez	diners-club-enroute	45597.25
1000	Maria	Phillips	jcb	26276.65
